-- phpMyAdmin SQL Dump
-- version 5.0.2
-- https://www.phpmyadmin.net/
--
-- Host: 127.0.0.1
-- Generation Time: May 05, 2021 at 06:37 PM
-- Server version: 10.4.13-MariaDB
-- PHP Version: 7.4.7

SET SQL_MODE = "NO_AUTO_VALUE_ON_ZERO";
START TRANSACTION;
SET time_zone = "+00:00";


/*!40101 SET @OLD_CHARACTER_SET_CLIENT=@@CHARACTER_SET_CLIENT */;
/*!40101 SET @OLD_CHARACTER_SET_RESULTS=@@CHARACTER_SET_RESULTS */;
/*!40101 SET @OLD_COLLATION_CONNECTION=@@COLLATION_CONNECTION */;
/*!40101 SET NAMES utf8mb4 */;

--
-- Database: `laravel-blog`
--

-- --------------------------------------------------------

--
-- Table structure for table `comments`
--

CREATE TABLE `comments` (
  `id` int(10) UNSIGNED NOT NULL,
  `comment` text COLLATE utf8mb4_unicode_ci NOT NULL,
  `post_id` int(10) UNSIGNED NOT NULL,
  `user_id` int(10) UNSIGNED NOT NULL,
  `created_at` timestamp NULL DEFAULT NULL,
  `updated_at` timestamp NULL DEFAULT NULL
) ENGINE=InnoDB DEFAULT CHARSET=utf8mb4 COLLATE=utf8mb4_unicode_ci;

-- --------------------------------------------------------

--
-- Table structure for table `migrations`
--

CREATE TABLE `migrations` (
  `id` int(10) UNSIGNED NOT NULL,
  `migration` varchar(255) COLLATE utf8mb4_unicode_ci NOT NULL,
  `batch` int(11) NOT NULL
) ENGINE=InnoDB DEFAULT CHARSET=utf8mb4 COLLATE=utf8mb4_unicode_ci;

--
-- Dumping data for table `migrations`
--

INSERT INTO `migrations` (`id`, `migration`, `batch`) VALUES
(1, '2021_05_03_203000_create_roles_table', 1),
(2, '2021_05_03_203211_create_users_table', 1),
(3, '2021_05_04_094048_create_posts_table', 1),
(4, '2021_05_04_094906_create_comments_table', 1);

-- --------------------------------------------------------

--
-- Table structure for table `posts`
--

CREATE TABLE `posts` (
  `id` int(10) UNSIGNED NOT NULL,
  `slug` varchar(255) COLLATE utf8mb4_unicode_ci NOT NULL,
  `title` varchar(255) COLLATE utf8mb4_unicode_ci NOT NULL,
  `description` longtext COLLATE utf8mb4_unicode_ci NOT NULL,
  `image_path` varchar(255) COLLATE utf8mb4_unicode_ci NOT NULL,
  `created_at` timestamp NULL DEFAULT NULL,
  `updated_at` timestamp NULL DEFAULT NULL,
  `user_id` int(10) UNSIGNED NOT NULL
) ENGINE=InnoDB DEFAULT CHARSET=utf8mb4 COLLATE=utf8mb4_unicode_ci;

--
-- Dumping data for table `posts`
--

INSERT INTO `posts` (`id`, `slug`, `title`, `description`, `image_path`, `created_at`, `updated_at`, `user_id`) VALUES
(1, 'five-exciting-parts-of-attending-web', 'Five Exciting Parts Of Attending Web', 'Thundercats are on the move, Thundercats are loose. Feel the magic, hear the roar, Thundercats are loose. Thunder, thunder, thunder, Thundercats! Thunder, thunder, thunder, Thundercats! Thunder, thunder, thunder, Thundercats! Thunder, thunder, thunder, Thundercats! Thundercats!\r\n\r\nThere’s a voice that keeps on calling me. Down the road, that’s where I’ll always be. Every stop I make, I make a new friend. Can’t stay for long, just turn around and I’m gone again. Maybe tomorrow, I’ll want to settle down, Until tomorrow, I’ll just keep moving on.\r\n\r\nOne for all and all for one, Muskehounds are always ready. One for all and all for one, helping everybody. One for all and all for one, it’s a pretty story. Sharing everything with fun, that’s the way to be. One for all and all for one, Muskehounds are always ready. One for all and all for one, helping everybody. One for all and all for one, can sound pretty corny. If you’ve got a problem chum, think how it could be.', '6091c5ea878af-Five Exciting Parts Of Attending Web.jpg', '2021-05-04 20:08:42', '2021-05-04 20:08:42', 11),
(2, 'the-story-of-web-has-just-gone-viral', 'The Story Of Web Has Just Gone Viral!', 'Knight Rider, a shadowy flight into the dangerous world of a man who does not exist. Michael Knight, a young loner on a crusade to champion the cause of the innocent, the helpless in a world of criminals who operate above the law.\r\n\r\nThundercats are on the move, Thundercats are loose. Feel the magic, hear the roar, Thundercats are loose. Thunder, thunder, thunder, Thundercats! Thunder, thunder, thunder, Thundercats! Thunder, thunder, thunder, Thundercats! Thunder, thunder, thunder, Thundercats! Thundercats!\r\n\r\nI never spend much time in school but I taught ladies plenty. It’s true I hire my body out for pay, hey hey. I’ve gotten burned over Cheryl Tiegs, blown up for Raquel Welch. But when I end up in the hay it’s only hay, hey hey. I might jump an open drawbridge, or Tarzan from a vine. ’Cause I’m the unknown stuntman that makes Eastwood look so fine.', '6091c64442b20-The Story Of Web Has Just Gone Viral!.jpg', '2021-05-04 20:10:12', '2021-05-04 20:10:12', 11),
(3, 'what-s-so-trendy-about-web-that-everyone-went-crazy-over-it', 'What\'s So Trendy About Web That Everyone Went Crazy Over It?', 'Ulysses, Ulysses — Soaring through all the galaxies. In search of Earth, flying in to the night. Ulysses, Ulysses — Fighting evil and tyranny, with all his power, and with all of his might. Ulysses — no-one else can do the things you do. Ulysses — like a bolt of thunder from the blue. Ulysses — always fighting all the evil forces bringing peace and justice to all.\r\n\r\nHong Kong Phooey, number one super guy. Hong Kong Phooey, quicker than the human eye. He’s got style, a groovy style, and a car that just won’t stop. When the going gets tough, he’s really rough, with a Hong Kong Phooey chop (Hi-Ya!). Hong Kong Phooey, number one super guy. Hong Kong Phooey, quicker than the human eye. Hong Kong Phooey, he’s fan-riffic!\r\n\r\nChildren of the sun, see your time has just begun, searching for your ways, through adventures every day. Every day and night, with the condor in flight, with all your friends in tow, you search for the Cities of Gold. Ah-ah-ah-ah-ah… wishing for The Cities of Gold. Ah-ah-ah-ah-ah… some day we will find The Cities of Gold. Do-do-do-do ah-ah-ah, do-do-do-do, Cities of Gold. Do-do-do-do, Cities of Gold. Ah-ah-ah-ah-ah… some day we will find The Cities of Gold.\r\n\r\n80 days around the world, we’ll find a pot of gold just sitting where the rainbow’s ending. Time — we’ll fight against the time, and we’ll fly on the white wings of the wind. 80 days around the world, no we won’t say a word before the ship is really back. Round, round, all around the world. Round, all around the world. Round, all around the world. Round, all around the world.\r\n\r\nMutley, you snickering, floppy eared hound. When courage is needed, you’re never around. Those medals you wear on your moth-eaten chest should be there for bungling at which you are best. So, stop that pigeon, stop that pigeon, stop that pigeon, stop that pigeon, stop that pigeon, stop that pigeon, stop that pigeon. Howwww! Nab him, jab him, tab him, grab him, stop that pigeon now.', '6091c768e4157-.jpg', '2021-05-04 20:15:04', '2021-05-04 20:15:04', 11),
(4, 'ten-reasons-why-people-love-web', 'Ten Reasons Why People Love Web.', 'Barnaby The Bear’s my name, never call me Jack or James, I will sing my way to fame, Barnaby the Bear’s my name. Birds taught me to sing, when they took me to their king, first I had to fly, in the sky so high so high, so high so high so high, so — if you want to sing this way, think of what you’d like to say, add a tune and you will see, just how easy it can be. Treacle pudding, fish and chips, fizzy drinks and liquorice, flowers, rivers, sand and sea, snowflakes and the stars are free.\r\n\r\nTop Cat! The most effectual Top Cat! Who’s intellectual close friends get to call him T.C., providing it’s with dignity. Top Cat! The indisputable leader of the gang. He’s the boss, he’s a pip, he’s the championship. He’s the most tip top, Top Cat.\r\n\r\nMutley, you snickering, floppy eared hound. When courage is needed, you’re never around. Those medals you wear on your moth-eaten chest should be there for bungling at which you are best. So, stop that pigeon, stop that pigeon, stop that pigeon, stop that pigeon, stop that pigeon, stop that pigeon, stop that pigeon. Howwww! Nab him, jab him, tab him, grab him, stop that pigeon now.\r\n\r\nOne for all and all for one, Muskehounds are always ready. One for all and all for one, helping everybody. One for all and all for one, it’s a pretty story. Sharing everything with fun, that’s the way to be. One for all and all for one, Muskehounds are always ready. One for all and all for one, helping everybody. One for all and all for one, can sound pretty corny. If you’ve got a problem chum, think how it could be.\r\n\r\nThere’s a voice that keeps on calling me. Down the road, that’s where I’ll always be. Every stop I make, I make a new friend. Can’t stay for long, just turn around and I’m gone again. Maybe tomorrow, I’ll want to settle down, Until tomorrow, I’ll just keep moving on.', '6091c795b0575-.jpg', '2021-05-04 20:15:49', '2021-05-04 20:15:49', 11),
(5, '10-great-lessons-you-can-learn-from-web', '10 Great Lessons You Can Learn From Web.', 'I never spend much time in school but I taught ladies plenty. It’s true I hire my body out for pay, hey hey. I’ve gotten burned over Cheryl Tiegs, blown up for Raquel Welch. But when I end up in the hay it’s only hay, hey hey. I might jump an open drawbridge, or Tarzan from a vine. ’Cause I’m the unknown stuntman that makes Eastwood look so fine.\r\n\r\nMutley, you snickering, floppy eared hound. When courage is needed, you’re never around. Those medals you wear on your moth-eaten chest should be there for bungling at which you are best. So, stop that pigeon, stop that pigeon, stop that pigeon, stop that pigeon, stop that pigeon, stop that pigeon, stop that pigeon. Howwww! Nab him, jab him, tab him, grab him, stop that pigeon now.\r\n\r\nChildren of the sun, see your time has just begun, searching for your ways, through adventures every day. Every day and night, with the condor in flight, with all your friends in tow, you search for the Cities of Gold. Ah-ah-ah-ah-ah… wishing for The Cities of Gold. Ah-ah-ah-ah-ah… some day we will find The Cities of Gold. Do-do-do-do ah-ah-ah, do-do-do-do, Cities of Gold. Do-do-do-do, Cities of Gold. Ah-ah-ah-ah-ah… some day we will find The Cities of Gold.\r\n\r\nBarnaby The Bear’s my name, never call me Jack or James, I will sing my way to fame, Barnaby the Bear’s my name. Birds taught me to sing, when they took me to their king, first I had to fly, in the sky so high so high, so high so high so high, so — if you want to sing this way, think of what you’d like to say, add a tune and you will see, just how easy it can be. Treacle pudding, fish and chips, fizzy drinks and liquorice, flowers, rivers, sand and sea, snowflakes and the stars are free.\r\n\r\nHey there where ya goin’, not exactly knowin’, who says you have to call just one place home. He’s goin’ everywhere, B.J. McKay and his best friend Bear. He just keeps on movin’, ladies keep improvin’, every day is better than the last. New dreams and better scenes, and best of all I don’t pay property tax. Rollin’ down to Dallas, who’s providin’ my palace, off to New Orleans or who knows where. Places new and ladies, too, I’m B.J. McKay and this is my best friend Bear.', 't8JV5JzDMXhAIbtoSwEJLtbjFChXUk0KLyUyBRbc.jpg', '2021-05-04 20:18:40', '2021-05-04 21:03:20', 12),
(6, 'five-doubts-about-web-you-should-clarify-2', 'Five Doubts About Web You Should Clarify.', 'Ulysses, Ulysses — Soaring through all the galaxies. In search of Earth, flying in to the night. Ulysses, Ulysses — Fighting evil and tyranny, with all his power, and with all of his might. Ulysses — no-one else can do the things you do. Ulysses — like a bolt of thunder from the blue. Ulysses — always fighting all the evil forces bringing peace and justice to all.\r\n\r\nThis is my boss, Jonathan Hart, a self-made millionaire, he’s quite a guy. This is Mrs H., she’s gorgeous, she’s one lady who knows how to take care of herself. By the way, my name is Max. I take care of both of them, which ain’t easy, ’cause when they met it was MURDER!\r\n\r\nOne for all and all for one, Muskehounds are always ready. One for all and all for one, helping everybody. One for all and all for one, it’s a pretty story. Sharing everything with fun, that’s the way to be. One for all and all for one, Muskehounds are always ready. One for all and all for one, helping everybody. One for all and all for one, can sound pretty corny. If you’ve got a problem chum, think how it could be.\r\n\r\nHey there where ya goin’, not exactly knowin’, who says you have to call just one place home. He’s goin’ everywhere, B.J. McKay and his best friend Bear. He just keeps on movin’, ladies keep improvin’, every day is better than the last. New dreams and better scenes, and best of all I don’t pay property tax. Rollin’ down to Dallas, who’s providin’ my palace, off to New Orleans or who knows where. Places new and ladies, too, I’m B.J. McKay and this is my best friend Bear.\r\n\r\nMutley, you snickering, floppy eared hound. When courage is needed, you’re never around. Those medals you wear on your moth-eaten chest should be there for bungling at which you are best. So, stop that pigeon, stop that pigeon, stop that pigeon, stop that pigeon, stop that pigeon, stop that pigeon, stop that pigeon. Howwww! Nab him, jab him, tab him, grab him, stop that pigeon now.', 'PnbJ7lURF1xVb8mqc164FoiNMxIJAWNB6wwdrf5n.jpg', '2021-05-04 20:19:48', '2021-05-04 21:02:06', 12),
(7, '10-doubts-you-should-clarify-about-web', '10 Doubts You Should Clarify About Web.', 'Barnaby The Bear’s my name, never call me Jack or James, I will sing my way to fame, Barnaby the Bear’s my name. Birds taught me to sing, when they took me to their king, first I had to fly, in the sky so high so high, so high so high so high, so — if you want to sing this way, think of what you’d like to say, add a tune and you will see, just how easy it can be. Treacle pudding, fish and chips, fizzy drinks and liquorice, flowers, rivers, sand and sea, snowflakes and the stars are free.\r\n\r\nMutley, you snickering, floppy eared hound. When courage is needed, you’re never around. Those medals you wear on your moth-eaten chest should be there for bungling at which you are best. So, stop that pigeon, stop that pigeon, stop that pigeon, stop that pigeon, stop that pigeon, stop that pigeon, stop that pigeon. Howwww! Nab him, jab him, tab him, grab him, stop that pigeon now.\r\n\r\nThis is my boss, Jonathan Hart, a self-made millionaire, he’s quite a guy. This is Mrs H., she’s gorgeous, she’s one lady who knows how to take care of herself. By the way, my name is Max. I take care of both of them, which ain’t easy, ’cause when they met it was MURDER!\r\n\r\nI never spend much time in school but I taught ladies plenty. It’s true I hire my body out for pay, hey hey. I’ve gotten burned over Cheryl Tiegs, blown up for Raquel Welch. But when I end up in the hay it’s only hay, hey hey. I might jump an open drawbridge, or Tarzan from a vine. ’Cause I’m the unknown stuntman that makes Eastwood look so fine.\r\n\r\nChildren of the sun, see your time has just begun, searching for your ways, through adventures every day. Every day and night, with the condor in flight, with all your friends in tow, you search for the Cities of Gold. Ah-ah-ah-ah-ah… wishing for The Cities of Gold. Ah-ah-ah-ah-ah… some day we will find The Cities of Gold. Do-do-do-do ah-ah-ah, do-do-do-do, Cities of Gold. Do-do-do-do, Cities of Gold. Ah-ah-ah-ah-ah… some day we will find The Cities of Gold.', '2B62v8fERH1g8c7UirHMu0yZZtxRHgJ1PZvbY9Fc.jpg', '2021-05-04 21:05:49', '2021-05-04 21:05:49', 12),
(8, 'the-miracle-of-web', 'The Miracle Of Web And Why You Should Learn It', 'Hey there where ya goin’, not exactly knowin’, who says you have to call just one place home. He’s goin’ everywhere, B.J. McKay and his best friend Bear. He just keeps on movin’, ladies keep improvin’, every day is better than the last. New dreams and better scenes, and best of all I don’t pay property tax. Rollin’ down to Dallas, who’s providin’ my palace, off to New Orleans or who knows where. Places new and ladies, too, I’m B.J. McKay and this is my best friend Bear.\r\n\r\nBarnaby The Bear’s my name, never call me Jack or James, I will sing my way to fame, Barnaby the Bear’s my name. Birds taught me to sing, when they took me to their king, first I had to fly, in the sky so high so high, so high so high so high, so — if you want to sing this way, think of what you’d like to say, add a tune and you will see, just how easy it can be. Treacle pudding, fish and chips, fizzy drinks and liquorice, flowers, rivers, sand and sea, snowflakes and the stars are free.\r\n\r\nChildren of the sun, see your time has just begun, searching for your ways, through adventures every day. Every day and night, with the condor in flight, with all your friends in tow, you search for the Cities of Gold. Ah-ah-ah-ah-ah… wishing for The Cities of Gold. Ah-ah-ah-ah-ah… some day we will find The Cities of Gold. Do-do-do-do ah-ah-ah, do-do-do-do, Cities of Gold. Do-do-do-do, Cities of Gold. Ah-ah-ah-ah-ah… some day we will find The Cities of Gold.\r\n\r\nOne for all and all for one, Muskehounds are always ready. One for all and all for one, helping everybody. One for all and all for one, it’s a pretty story. Sharing everything with fun, that’s the way to be. One for all and all for one, Muskehounds are always ready. One for all and all for one, helping everybody. One for all and all for one, can sound pretty corny. If you’ve got a problem chum, think how it could be.\r\n\r\nThere’s a voice that keeps on calling me. Down the road, that’s where I’ll always be. Every stop I make, I make a new friend. Can’t stay for long, just turn around and I’m gone again. Maybe tomorrow, I’ll want to settle down, Until tomorrow, I’ll just keep moving on.', 'up5ltptMxa12fA3XO47AezUXa8StIkerIgzoaAgU.jpg', '2021-05-04 21:06:48', '2021-05-05 09:16:22', 12);

-- --------------------------------------------------------

--
-- Table structure for table `roles`
--

CREATE TABLE `roles` (
  `id` int(10) UNSIGNED NOT NULL,
  `title` varchar(255) COLLATE utf8mb4_unicode_ci NOT NULL,
  `created_at` timestamp NULL DEFAULT NULL,
  `updated_at` timestamp NULL DEFAULT NULL
) ENGINE=InnoDB DEFAULT CHARSET=utf8mb4 COLLATE=utf8mb4_unicode_ci;

--
-- Dumping data for table `roles`
--

INSERT INTO `roles` (`id`, `title`, `created_at`, `updated_at`) VALUES
(1, 'admin', NULL, NULL),
(2, 'author', NULL, NULL),
(3, 'user', NULL, NULL);

-- --------------------------------------------------------

--
-- Table structure for table `users`
--

CREATE TABLE `users` (
  `id` int(10) UNSIGNED NOT NULL,
  `name` varchar(255) COLLATE utf8mb4_unicode_ci NOT NULL,
  `email` varchar(255) COLLATE utf8mb4_unicode_ci NOT NULL,
  `password` varchar(255) COLLATE utf8mb4_unicode_ci NOT NULL,
  `created_at` timestamp NULL DEFAULT NULL,
  `updated_at` timestamp NULL DEFAULT NULL,
  `role_id` int(10) UNSIGNED NOT NULL DEFAULT 3
) ENGINE=InnoDB DEFAULT CHARSET=utf8mb4 COLLATE=utf8mb4_unicode_ci;

--
-- Dumping data for table `users`
--

INSERT INTO `users` (`id`, `name`, `email`, `password`, `created_at`, `updated_at`, `role_id`) VALUES
(1, 'qthompson', 'anastasia.prohaska@hermiston.com', 'U6M#6\'eZ4rGbxS8}', '1972-11-21 22:42:20', '1975-09-14 19:04:09', 3),
(2, 'tzieme', 'medhurst.isabel@gmail.com', 'RaC|:\"2Hb$BHTt', '2008-01-15 10:49:14', '1988-02-25 05:34:54', 3),
(3, 'daniela71', 'mariam80@swift.info', 'kIM#m(YYhcg+zLA5gZ|`', '1975-07-22 20:18:34', '1982-07-21 07:28:41', 3),
(4, 'dgislason', 'sarmstrong@gmail.com', 'bIP=3yR6w&udZC_', '1988-04-03 20:27:03', '2009-11-14 01:36:25', 3),
(5, 'evangeline.streich', 'emelia47@mitchell.org', ',e=EK\'!z1K@7', '1976-07-09 02:59:59', '2001-07-29 13:27:32', 3),
(6, 'hilda.nienow', 'vbatz@hotmail.com', 'Rn}n_7|2?J(/', '1997-08-15 04:29:27', '1998-11-03 19:02:27', 3),
(7, 'marquise.douglas', 'tschimmel@yahoo.com', '$7p8#V\'IztQZ%3bym', '2004-04-27 13:44:10', '1987-03-02 10:28:17', 3),
(8, 'lillian86', 'leon.heller@hartmann.com', 'hh0=k\\8JX=K$]S', '2007-05-26 03:00:15', '1985-05-23 12:43:29', 3),
(9, 'jamison.hayes', 'lueilwitz.scot@lockman.biz', '%!0\"WpD^\\te@Vx', '2005-06-09 00:54:46', '2011-06-05 10:22:52', 3),
(10, 'johnston.margaret', 'hhand@yahoo.com', '{hY5bp?|6KuS/e*=j;8c', '1989-09-30 03:34:36', '2009-12-03 16:36:32', 3),
(11, 'Milica', 'milica@gmail.com', '$2y$10$VQ/vgmfLjc/BQNPKxsdrW.E8y4ogyblkDRTT7toWu3oqsOJJUZL86', '2021-05-04 20:04:37', '2021-05-04 20:04:37', 1),
(12, 'Katarina', 'katarina@gmail.com', '$2y$10$ltt.M9Yh9rwo4GelNl4lTecQMzDhgsvVEjDktLMY5Ay1eLm5gihCW', '2021-05-04 20:16:59', '2021-05-04 20:16:59', 2),
(13, 'marko', 'marko@gmail.com', '$2y$10$lTRkZabfR/spzyqtYbryK.1Bq9KSe8rd/fSoWSnGohDMTgArpo3OW', '2021-05-05 14:36:46', '2021-05-05 14:36:46', 3);

--
-- Indexes for dumped tables
--

--
-- Indexes for table `comments`
--
ALTER TABLE `comments`
  ADD PRIMARY KEY (`id`),
  ADD KEY `comments_post_id_foreign` (`post_id`),
  ADD KEY `comments_user_id_foreign` (`user_id`);

--
-- Indexes for table `migrations`
--
ALTER TABLE `migrations`
  ADD PRIMARY KEY (`id`);

--
-- Indexes for table `posts`
--
ALTER TABLE `posts`
  ADD PRIMARY KEY (`id`),
  ADD UNIQUE KEY `posts_slug_unique` (`slug`),
  ADD KEY `posts_user_id_foreign` (`user_id`);

--
-- Indexes for table `roles`
--
ALTER TABLE `roles`
  ADD PRIMARY KEY (`id`);

--
-- Indexes for table `users`
--
ALTER TABLE `users`
  ADD PRIMARY KEY (`id`),
  ADD UNIQUE KEY `users_email_unique` (`email`),
  ADD KEY `users_role_id_foreign` (`role_id`);

--
-- AUTO_INCREMENT for dumped tables
--

--
-- AUTO_INCREMENT for table `comments`
--
ALTER TABLE `comments`
  MODIFY `id` int(10) UNSIGNED NOT NULL AUTO_INCREMENT;

--
-- AUTO_INCREMENT for table `migrations`
--
ALTER TABLE `migrations`
  MODIFY `id` int(10) UNSIGNED NOT NULL AUTO_INCREMENT, AUTO_INCREMENT=5;

--
-- AUTO_INCREMENT for table `posts`
--
ALTER TABLE `posts`
  MODIFY `id` int(10) UNSIGNED NOT NULL AUTO_INCREMENT, AUTO_INCREMENT=9;

--
-- AUTO_INCREMENT for table `roles`
--
ALTER TABLE `roles`
  MODIFY `id` int(10) UNSIGNED NOT NULL AUTO_INCREMENT, AUTO_INCREMENT=4;

--
-- AUTO_INCREMENT for table `users`
--
ALTER TABLE `users`
  MODIFY `id` int(10) UNSIGNED NOT NULL AUTO_INCREMENT, AUTO_INCREMENT=14;

--
-- Constraints for dumped tables
--

--
-- Constraints for table `comments`
--
ALTER TABLE `comments`
  ADD CONSTRAINT `comments_post_id_foreign` FOREIGN KEY (`post_id`) REFERENCES `posts` (`id`) ON DELETE CASCADE,
  ADD CONSTRAINT `comments_user_id_foreign` FOREIGN KEY (`user_id`) REFERENCES `users` (`id`) ON DELETE CASCADE;

--
-- Constraints for table `posts`
--
ALTER TABLE `posts`
  ADD CONSTRAINT `posts_user_id_foreign` FOREIGN KEY (`user_id`) REFERENCES `users` (`id`);

--
-- Constraints for table `users`
--
ALTER TABLE `users`
  ADD CONSTRAINT `users_role_id_foreign` FOREIGN KEY (`role_id`) REFERENCES `roles` (`id`);
COMMIT;

/*!40101 SET CHARACTER_SET_CLIENT=@OLD_CHARACTER_SET_CLIENT */;
/*!40101 SET CHARACTER_SET_RESULTS=@OLD_CHARACTER_SET_RESULTS */;
/*!40101 SET COLLATION_CONNECTION=@OLD_COLLATION_CONNECTION */;
